{"cameraMode":{"drawMode":0,"name":"Shaded","section":"Shading Mode"},"sceneLighting":false,"audioPlay":false,"sceneViewState":{"m_AlwaysRefresh":false,"showFog":true,"showSkybox":false,"showFlares":true,"showImageEffects":true,"showParticleSystems":true,"showVisualEffectGraphs":true,"m_FxEnabled":true},"in2DMode":false,"pivot":{"x":-0.5736613273620606,"y":1.0984454154968262,"z":0.6706597208976746},"rotation":{"x":-0.15342268347740174,"y":0.8226914405822754,"z":-0.26291340589523318,"w":-0.4801415205001831},"size":1.1038967370986939,"orthographic":false}