{"cameraMode":{"drawMode":0,"name":"Shaded","section":"Shading Mode"},"sceneLighting":false,"audioPlay":false,"sceneViewState":{"m_AlwaysRefresh":false,"showFog":true,"showSkybox":false,"showFlares":true,"showImageEffects":true,"showParticleSystems":true,"showVisualEffectGraphs":true,"m_FxEnabled":true},"in2DMode":false,"pivot":{"x":1.6213724613189698,"y":0.9011796712875366,"z":-0.12881983816623689},"rotation":{"x":-0.07913006842136383,"y":0.8604207038879395,"z":-0.1409005969762802,"w":-0.48330506682395937},"size":1.0006775856018067,"orthographic":false}