{"cameraMode":{"drawMode":0,"name":"Shaded","section":"Shading Mode"},"sceneLighting":false,"audioPlay":false,"sceneViewState":{"m_AlwaysRefresh":false,"showFog":true,"showSkybox":true,"showFlares":true,"showImageEffects":true,"showParticleSystems":true,"showVisualEffectGraphs":true,"m_FxEnabled":true},"in2DMode":false,"pivot":{"x":19.49488067626953,"y":4.126576900482178,"z":0.21419693529605866},"rotation":{"x":-0.13987329602241517,"y":0.11620663851499558,"z":-0.016532445326447488,"w":-0.983239471912384},"size":0.06980539113283158,"orthographic":false}