{"cameraMode":{"drawMode":0,"name":"Shaded","section":"Shading Mode"},"sceneLighting":false,"audioPlay":false,"sceneViewState":{"m_AlwaysRefresh":false,"showFog":true,"showSkybox":true,"showFlares":true,"showImageEffects":true,"showParticleSystems":true,"showVisualEffectGraphs":true,"m_FxEnabled":true},"in2DMode":false,"pivot":{"x":0.6294205188751221,"y":1.1879258155822755,"z":0.398936927318573},"rotation":{"x":0.056125834584236148,"y":-0.694316029548645,"z":0.054498378187417987,"w":0.7154355645179749},"size":0.8270542621612549,"orthographic":false}