{"cameraMode":{"drawMode":0,"name":"Shaded","section":"Shading Mode"},"sceneLighting":false,"audioPlay":false,"sceneViewState":{"m_AlwaysRefresh":false,"showFog":true,"showSkybox":true,"showFlares":true,"showImageEffects":true,"showParticleSystems":true,"showVisualEffectGraphs":true,"m_FxEnabled":true},"in2DMode":false,"pivot":{"x":-0.4841214120388031,"y":0.08673064410686493,"z":8.055779457092286},"rotation":{"x":-0.023884164169430734,"y":-0.18634489178657533,"z":0.004521622322499752,"w":-0.9822251796722412},"size":3.8938934803009035,"orthographic":false}