{"cameraMode":{"drawMode":0,"name":"Shaded","section":"Shading Mode"},"sceneLighting":false,"audioPlay":false,"sceneViewState":{"m_AlwaysRefresh":false,"showFog":true,"showSkybox":true,"showFlares":true,"showImageEffects":true,"showParticleSystems":true,"showVisualEffectGraphs":true,"m_FxEnabled":true},"in2DMode":false,"pivot":{"x":-0.19669005274772645,"y":0.6852392554283142,"z":15.790626525878907},"rotation":{"x":-0.275509238243103,"y":0.03517093509435654,"z":-0.010088725946843624,"w":-0.9606125950813294},"size":12.12435531616211,"orthographic":false}