{"cameraMode":{"drawMode":0,"name":"Shaded","section":"Shading Mode"},"sceneLighting":false,"audioPlay":false,"sceneViewState":{"m_AlwaysRefresh":false,"showFog":true,"showSkybox":true,"showFlares":true,"showImageEffects":true,"showParticleSystems":true,"showVisualEffectGraphs":true,"m_FxEnabled":true},"in2DMode":false,"pivot":{"x":11.720000267028809,"y":1.6500002145767213,"z":2.3958349227905275},"rotation":{"x":-0.14887326955795289,"y":-0.6396655440330505,"z":0.12814153730869294,"w":-0.7431471347808838},"size":1.939896821975708,"orthographic":false}