{"cameraMode":{"drawMode":0,"name":"Shaded","section":"Shading Mode"},"sceneLighting":false,"audioPlay":false,"sceneViewState":{"m_AlwaysRefresh":false,"showFog":true,"showSkybox":true,"showFlares":true,"showImageEffects":true,"showParticleSystems":true,"showVisualEffectGraphs":true,"m_FxEnabled":true},"in2DMode":false,"pivot":{"x":89.8111572265625,"y":42.111610412597659,"z":10.419219970703125},"rotation":{"x":-0.13433560729026795,"y":0.09054926037788391,"z":-0.012331021018326283,"w":-0.9867367148399353},"size":135.6663055419922,"orthographic":false}