{"cameraMode":{"drawMode":0,"name":"Shaded","section":"Shading Mode"},"sceneLighting":false,"audioPlay":false,"sceneViewState":{"m_AlwaysRefresh":false,"showFog":true,"showSkybox":true,"showFlares":true,"showImageEffects":true,"showParticleSystems":true,"showVisualEffectGraphs":true,"m_FxEnabled":true},"in2DMode":false,"pivot":{"x":0.00009392574429512024,"y":0.012544214725494385,"z":0.0019112713634967805},"rotation":{"x":0.2156728357076645,"y":-0.42180484533309939,"z":0.10405810177326203,"w":0.8745121359825134},"size":0.039049822837114337,"orthographic":false}