{"cameraMode":{"drawMode":0,"name":"Shaded","section":"Shading Mode"},"sceneLighting":false,"audioPlay":false,"sceneViewState":{"m_AlwaysRefresh":false,"showFog":true,"showSkybox":true,"showFlares":true,"showImageEffects":true,"showParticleSystems":true,"showVisualEffectGraphs":true,"m_FxEnabled":true},"in2DMode":false,"pivot":{"x":5.540801525115967,"y":-28.437164306640626,"z":40.689491271972659},"rotation":{"x":0.30659720301628115,"y":0.06301932036876679,"z":-0.020341230556368829,"w":0.9495816230773926},"size":25.808040618896486,"orthographic":false}