{"cameraMode":{"drawMode":0,"name":"Shaded","section":"Shading Mode"},"sceneLighting":false,"audioPlay":false,"sceneViewState":{"m_AlwaysRefresh":false,"showFog":true,"showSkybox":true,"showFlares":true,"showImageEffects":true,"showParticleSystems":true,"showVisualEffectGraphs":true,"m_FxEnabled":true},"in2DMode":false,"pivot":{"x":-0.7732917666435242,"y":3.1666836738586427,"z":-10.68044662475586},"rotation":{"x":-0.11932271718978882,"y":0.10702352225780487,"z":-0.012941833585500718,"w":-0.9870092868804932},"size":1.2247449159622193,"orthographic":false}