{"cameraMode":{"drawMode":0,"name":"Shaded","section":"Shading Mode"},"sceneLighting":false,"audioPlay":false,"sceneViewState":{"m_AlwaysRefresh":false,"showFog":true,"showSkybox":true,"showFlares":true,"showImageEffects":true,"showParticleSystems":true,"showVisualEffectGraphs":true,"m_FxEnabled":true},"in2DMode":false,"pivot":{"x":3.2149012088775636,"y":2.025545835494995,"z":0.6592497229576111},"rotation":{"x":0.08907892554998398,"y":-0.7376129627227783,"z":0.09931754320859909,"w":0.6619411706924439},"size":0.22032591700553895,"orthographic":false}