{"cameraMode":{"drawMode":0,"name":"Shaded","section":"Shading Mode"},"sceneLighting":false,"audioPlay":false,"sceneViewState":{"m_AlwaysRefresh":false,"showFog":true,"showSkybox":true,"showFlares":true,"showImageEffects":true,"showParticleSystems":true,"showVisualEffectGraphs":true,"m_FxEnabled":true},"in2DMode":false,"pivot":{"x":1.027656078338623,"y":1.2750184535980225,"z":0.3144163191318512},"rotation":{"x":0.08327603340148926,"y":-0.8402537107467651,"z":0.13502436876296998,"w":0.5185033082962036},"size":0.22032591700553895,"orthographic":false}