{"cameraMode":{"drawMode":0,"name":"Shaded","section":"Shading Mode"},"sceneLighting":false,"audioPlay":false,"sceneViewState":{"m_AlwaysRefresh":false,"showFog":true,"showSkybox":true,"showFlares":true,"showImageEffects":true,"showParticleSystems":true,"showVisualEffectGraphs":true,"m_FxEnabled":true},"in2DMode":false,"pivot":{"x":867.4613037109375,"y":508.0757141113281,"z":-1402.3409423828125},"rotation":{"x":-0.26869821548461916,"y":-0.0917254164814949,"z":0.025707200169563295,"w":-0.9585214853286743},"size":0.24724923074245454,"orthographic":false}