{"cameraMode":{"drawMode":0,"name":"Shaded","section":"Shading Mode"},"sceneLighting":false,"audioPlay":false,"sceneViewState":{"m_AlwaysRefresh":false,"showFog":true,"showSkybox":false,"showFlares":true,"showImageEffects":true,"showParticleSystems":true,"showVisualEffectGraphs":true,"m_FxEnabled":true},"in2DMode":false,"pivot":{"x":1833.4840087890625,"y":59.54883575439453,"z":0.0017650127410888672},"rotation":{"x":-0.11932271718978882,"y":0.10702352225780487,"z":-0.012941833585500718,"w":-0.9870092868804932},"size":3.1847243309020998,"orthographic":false}