{"cameraMode":{"drawMode":0,"name":"Shaded","section":"Shading Mode"},"sceneLighting":false,"audioPlay":false,"sceneViewState":{"m_AlwaysRefresh":false,"showFog":true,"showSkybox":false,"showFlares":true,"showImageEffects":true,"showParticleSystems":true,"showVisualEffectGraphs":true,"m_FxEnabled":true},"in2DMode":false,"pivot":{"x":-1.7187625169754029,"y":1.9737704992294312,"z":-0.8182221055030823},"rotation":{"x":0.28752535581588747,"y":0.4164366126060486,"z":-0.14065229892730714,"w":0.8509885668754578},"size":0.04935085028409958,"orthographic":false}